"CBSA Code","CBSA Name","CBSA Type"
"10100","Aberdeen, SD","Micropolitan"
"10140","Aberdeen, WA","Micropolitan"
"10180","Abilene, TX","Metropolitan"
"10220","Ada, OK","Micropolitan"
"10260","Adjuntas, PR","Micropolitan"
"10300","Adrian, MI","Micropolitan"
"10380","Aguadilla-Isabela, PR","Metropolitan"
"10420","Akron, OH","Metropolitan"
"10460","Alamogordo, NM","Micropolitan"
"10500","Albany, GA","Metropolitan"
"10540","Albany, OR","Metropolitan"
"10580","Albany-Schenectady-Troy, NY","Metropolitan"
"10620","Albemarle, NC","Micropolitan"
"10660","Albert Lea, MN","Micropolitan"
"10700","Albertville, AL","Micropolitan"
"10740","Albuquerque, NM","Metropolitan"
"10780","Alexandria, LA","Metropolitan"
"10820","Alexandria, MN","Micropolitan"
"10860","Alice, TX","Micropolitan"
"10900","Allentown-Bethlehem-Easton, PA-NJ","Metropolitan"
"10940","Alma, MI","Micropolitan"
"10980","Alpena, MI","Micropolitan"
"11020","Altoona, PA","Metropolitan"
"11060","Altus, OK","Micropolitan"
"11100","Amarillo, TX","Metropolitan"
"11140","Americus, GA","Micropolitan"
"11180","Ames, IA","Metropolitan"
"11220","Amsterdam, NY","Micropolitan"
"11260","Anchorage, AK","Metropolitan"
"11380","Andrews, TX","Micropolitan"
"11420","Angola, IN","Micropolitan"
"11460","Ann Arbor, MI","Metropolitan"
"11500","Anniston-Oxford-Jacksonville, AL","Metropolitan"
"11540","Appleton, WI","Metropolitan"
"11580","Arcadia, FL","Micropolitan"
"11620","Ardmore, OK","Micropolitan"
"11640","Arecibo, PR","Metropolitan"
"11660","Arkadelphia, AR","Micropolitan"
"11680","Arkansas City-Winfield, KS","Micropolitan"
"11700","Asheville, NC","Metropolitan"
"11740","Ashland, OH","Micropolitan"
"11780","Ashtabula, OH","Micropolitan"
"11820","Astoria, OR","Micropolitan"
"11860","Atchison, KS","Micropolitan"
"11900","Athens, OH","Micropolitan"
"11940","Athens, TN","Micropolitan"
"11980","Athens, TX","Micropolitan"
"12020","Athens-Clarke County, GA","Metropolitan"
"12060","Atlanta-Sandy Springs-Roswell, GA","Metropolitan"
"12100","Atlantic City-Hammonton, NJ","Metropolitan"
"12140","Auburn, IN","Micropolitan"
"12180","Auburn, NY","Micropolitan"
"12220","Auburn-Opelika, AL","Metropolitan"
"12260","Augusta-Richmond County, GA-SC","Metropolitan"
"12300","Augusta-Waterville, ME","Micropolitan"
"12380","Austin, MN","Micropolitan"
"12420","Austin-Round Rock, TX","Metropolitan"
"12460","Bainbridge, GA","Micropolitan"
"12540","Bakersfield, CA","Metropolitan"
"12580","Baltimore-Columbia-Towson, MD","Metropolitan"
"12620","Bangor, ME","Metropolitan"
"12660","Baraboo, WI","Micropolitan"
"12680","Bardstown, KY","Micropolitan"
"12700","Barnstable Town, MA","Metropolitan"
"12740","Barre, VT","Micropolitan"
"12780","Bartlesville, OK","Micropolitan"
"12820","Bastrop, LA","Micropolitan"
"12860","Batavia, NY","Micropolitan"
"12900","Batesville, AR","Micropolitan"
"12940","Baton Rouge, LA","Metropolitan"
"12980","Battle Creek, MI","Metropolitan"
"13020","Bay City, MI","Metropolitan"
"13060","Bay City, TX","Micropolitan"
"13100","Beatrice, NE","Micropolitan"
"13140","Beaumont-Port Arthur, TX","Metropolitan"
"13180","Beaver Dam, WI","Micropolitan"
"13220","Beckley, WV","Metropolitan"
"13260","Bedford, IN","Micropolitan"
"13300","Beeville, TX","Micropolitan"
"13340","Bellefontaine, OH","Micropolitan"
"13380","Bellingham, WA","Metropolitan"
"13420","Bemidji, MN","Micropolitan"
"13460","Bend-Redmond, OR","Metropolitan"
"13500","Bennettsville, SC","Micropolitan"
"13540","Bennington, VT","Micropolitan"
"13620","Berlin, NH-VT","Micropolitan"
"13660","Big Rapids, MI","Micropolitan"
"13700","Big Spring, TX","Micropolitan"
"13720","Big Stone Gap, VA","Micropolitan"
"13740","Billings, MT","Metropolitan"
"13780","Binghamton, NY","Metropolitan"
"13820","Birmingham-Hoover, AL","Metropolitan"
"13900","Bismarck, ND","Metropolitan"
"13940","Blackfoot, ID","Micropolitan"
"13980","Blacksburg-Christiansburg-Radford, VA","Metropolitan"
"14010","Bloomington, IL","Metropolitan"
"14020","Bloomington, IN","Metropolitan"
"14100","Bloomsburg-Berwick, PA","Metropolitan"
"14140","Bluefield, WV-VA","Micropolitan"
"14180","Blytheville, AR","Micropolitan"
"14220","Bogalusa, LA","Micropolitan"
"14260","Boise City, ID","Metropolitan"
"14340","Boone, IA","Micropolitan"
"14380","Boone, NC","Micropolitan"
"14420","Borger, TX","Micropolitan"
"14460","Boston-Cambridge-Newton, MA-NH","Metropolitan"
"14500","Boulder, CO","Metropolitan"
"14540","Bowling Green, KY","Metropolitan"
"14580","Bozeman, MT","Micropolitan"
"14620","Bradford, PA","Micropolitan"
"14660","Brainerd, MN","Micropolitan"
"14700","Branson, MO","Micropolitan"
"14720","Breckenridge, CO","Micropolitan"
"14740","Bremerton-Silverdale, WA","Metropolitan"
"14780","Brenham, TX","Micropolitan"
"14820","Brevard, NC","Micropolitan"
"14860","Bridgeport-Stamford-Norwalk, CT","Metropolitan"
"15020","Brookhaven, MS","Micropolitan"
"15060","Brookings, OR","Micropolitan"
"15100","Brookings, SD","Micropolitan"
"15180","Brownsville-Harlingen, TX","Metropolitan"
"15220","Brownwood, TX","Micropolitan"
"15260","Brunswick, GA","Metropolitan"
"15340","Bucyrus, OH","Micropolitan"
"15380","Buffalo-Cheektowaga-Niagara Falls, NY","Metropolitan"
"15420","Burley, ID","Micropolitan"
"15460","Burlington, IA-IL","Micropolitan"
"15500","Burlington, NC","Metropolitan"
"15540","Burlington-South Burlington, VT","Metropolitan"
"15580","Butte-Silver Bow, MT","Micropolitan"
"15620","Cadillac, MI","Micropolitan"
"15660","Calhoun, GA","Micropolitan"
"15680","California-Lexington Park, MD","Metropolitan"
"15700","Cambridge, MD","Micropolitan"
"15740","Cambridge, OH","Micropolitan"
"15780","Camden, AR","Micropolitan"
"15820","Campbellsville, KY","Micropolitan"
"15900","Canton, IL","Micropolitan"
"15940","Canton-Massillon, OH","Metropolitan"
"15980","Cape Coral-Fort Myers, FL","Metropolitan"
"16020","Cape Girardeau, MO-IL","Metropolitan"
"16060","Carbondale-Marion, IL","Metropolitan"
"16100","Carlsbad-Artesia, NM","Micropolitan"
"16180","Carson City, NV","Metropolitan"
"16220","Casper, WY","Metropolitan"
"15860","Ca¤on City, CO","Micropolitan"
"16260","Cedar City, UT","Micropolitan"
"16300","Cedar Rapids, IA","Metropolitan"
"16340","Cedartown, GA","Micropolitan"
"16380","Celina, OH","Micropolitan"
"16460","Centralia, IL","Micropolitan"
"16500","Centralia, WA","Micropolitan"
"16540","Chambersburg-Waynesboro, PA","Metropolitan"
"16580","Champaign-Urbana, IL","Metropolitan"
"16620","Charleston, WV","Metropolitan"
"16660","Charleston-Mattoon, IL","Micropolitan"
"16700","Charleston-North Charleston, SC","Metropolitan"
"16740","Charlotte-Concord-Gastonia, NC-SC","Metropolitan"
"16820","Charlottesville, VA","Metropolitan"
"16860","Chattanooga, TN-GA","Metropolitan"
"16940","Cheyenne, WY","Metropolitan"
"16980","Chicago-Naperville-Elgin, IL-IN-WI","Metropolitan"
"17020","Chico, CA","Metropolitan"
"17060","Chillicothe, OH","Micropolitan"
"17140","Cincinnati, OH-KY-IN","Metropolitan"
"17200","Claremont-Lebanon, NH-VT","Micropolitan"
"17220","Clarksburg, WV","Micropolitan"
"17260","Clarksdale, MS","Micropolitan"
"17300","Clarksville, TN-KY","Metropolitan"
"17340","Clearlake, CA","Micropolitan"
"17380","Cleveland, MS","Micropolitan"
"17420","Cleveland, TN","Metropolitan"
"17460","Cleveland-Elyria, OH","Metropolitan"
"17500","Clewiston, FL","Micropolitan"
"17540","Clinton, IA","Micropolitan"
"17580","Clovis, NM","Micropolitan"
"17620","Coamo, PR","Micropolitan"
"17640","Coco, PR","Micropolitan"
"17660","Coeur d'Alene, ID","Metropolitan"
"17700","Coffeyville, KS","Micropolitan"
"17740","Coldwater, MI","Micropolitan"
"17780","College Station-Bryan, TX","Metropolitan"
"17820","Colorado Springs, CO","Metropolitan"
"17860","Columbia, MO","Metropolitan"
"17900","Columbia, SC","Metropolitan"
"17980","Columbus, GA-AL","Metropolitan"
"18020","Columbus, IN","Metropolitan"
"18060","Columbus, MS","Micropolitan"
"18100","Columbus, NE","Micropolitan"
"18140","Columbus, OH","Metropolitan"
"18180","Concord, NH","Micropolitan"
"18220","Connersville, IN","Micropolitan"
"18260","Cookeville, TN","Micropolitan"
"18300","Coos Bay, OR","Micropolitan"
"18380","Cordele, GA","Micropolitan"
"18420","Corinth, MS","Micropolitan"
"18460","Cornelia, GA","Micropolitan"
"18500","Corning, NY","Micropolitan"
"18580","Corpus Christi, TX","Metropolitan"
"18620","Corsicana, TX","Micropolitan"
"18660","Cortland, NY","Micropolitan"
"18700","Corvallis, OR","Metropolitan"
"18740","Coshocton, OH","Micropolitan"
"18780","Craig, CO","Micropolitan"
"18820","Crawfordsville, IN","Micropolitan"
"18860","Crescent City, CA","Micropolitan"
"18880","Crestview-Fort Walton Beach-Destin, FL","Metropolitan"
"18900","Crossville, TN","Micropolitan"
"18980","Cullman, AL","Micropolitan"
"19000","Cullowhee, NC","Micropolitan"
"19060","Cumberland, MD-WV","Metropolitan"
"19100","Dallas-Fort Worth-Arlington, TX","Metropolitan"
"19140","Dalton, GA","Metropolitan"
"19180","Danville, IL","Metropolitan"
"19220","Danville, KY","Micropolitan"
"19260","Danville, VA","Micropolitan"
"19300","Daphne-Fairhope-Foley, AL","Metropolitan"
"19340","Davenport-Moline-Rock Island, IA-IL","Metropolitan"
"19380","Dayton, OH","Metropolitan"
"19420","Dayton, TN","Micropolitan"
"19760","DeRidder, LA","Micropolitan"
"19460","Decatur, AL","Metropolitan"
"19500","Decatur, IL","Metropolitan"
"19540","Decatur, IN","Micropolitan"
"19580","Defiance, OH","Micropolitan"
"19620","Del Rio, TX","Micropolitan"
"19660","Deltona-Daytona Beach-Ormond Beach, FL","Metropolitan"
"19700","Deming, NM","Micropolitan"
"19740","Denver-Aurora-Lakewood, CO","Metropolitan"
"19780","Des Moines-West Des Moines, IA","Metropolitan"
"19820","Detroit-Warren-Dearborn, MI","Metropolitan"
"19860","Dickinson, ND","Micropolitan"
"19940","Dixon, IL","Micropolitan"
"19980","Dodge City, KS","Micropolitan"
"20020","Dothan, AL","Metropolitan"
"20060","Douglas, GA","Micropolitan"
"20100","Dover, DE","Metropolitan"
"20180","DuBois, PA","Micropolitan"
"20140","Dublin, GA","Micropolitan"
"20220","Dubuque, IA","Metropolitan"
"20260","Duluth, MN-WI","Metropolitan"
"20300","Dumas, TX","Micropolitan"
"20340","Duncan, OK","Micropolitan"
"20380","Dunn, NC","Micropolitan"
"20420","Durango, CO","Micropolitan"
"20460","Durant, OK","Micropolitan"
"20500","Durham-Chapel Hill, NC","Metropolitan"
"20540","Dyersburg, TN","Micropolitan"
"20580","Eagle Pass, TX","Micropolitan"
"20700","East Stroudsburg, PA","Metropolitan"
"20660","Easton, MD","Micropolitan"
"20740","Eau Claire, WI","Metropolitan"
"20780","Edwards, CO","Micropolitan"
"20820","Effingham, IL","Micropolitan"
"20900","El Campo, TX","Micropolitan"
"20940","El Centro, CA","Metropolitan"
"20980","El Dorado, AR","Micropolitan"
"21340","El Paso, TX","Metropolitan"
"21020","Elizabeth City, NC","Micropolitan"
"21060","Elizabethtown-Fort Knox, KY","Metropolitan"
"21120","Elk City, OK","Micropolitan"
"21140","Elkhart-Goshen, IN","Metropolitan"
"21180","Elkins, WV","Micropolitan"
"21220","Elko, NV","Micropolitan"
"21260","Ellensburg, WA","Micropolitan"
"21300","Elmira, NY","Metropolitan"
"21380","Emporia, KS","Micropolitan"
"21420","Enid, OK","Micropolitan"
"21460","Enterprise, AL","Micropolitan"
"21500","Erie, PA","Metropolitan"
"21540","Escanaba, MI","Micropolitan"
"21580","Espa¤ola, NM","Micropolitan"
"21660","Eugene, OR","Metropolitan"
"21700","Eureka-Arcata-Fortuna, CA","Micropolitan"
"21740","Evanston, WY","Micropolitan"
"21780","Evansville, IN-KY","Metropolitan"
"21820","Fairbanks, AK","Metropolitan"
"21840","Fairfield, IA","Micropolitan"
"21900","Fairmont, WV","Micropolitan"
"21980","Fallon, NV","Micropolitan"
"22020","Fargo, ND-MN","Metropolitan"
"22060","Faribault-Northfield, MN","Micropolitan"
"22100","Farmington, MO","Micropolitan"
"22140","Farmington, NM","Metropolitan"
"22180","Fayetteville, NC","Metropolitan"
"22220","Fayetteville-Springdale-Rogers, AR-MO","Metropolitan"
"22260","Fergus Falls, MN","Micropolitan"
"22280","Fernley, NV","Micropolitan"
"22300","Findlay, OH","Micropolitan"
"22340","Fitzgerald, GA","Micropolitan"
"22380","Flagstaff, AZ","Metropolitan"
"22420","Flint, MI","Metropolitan"
"22500","Florence, SC","Metropolitan"
"22520","Florence-Muscle Shoals, AL","Metropolitan"
"22540","Fond du Lac, WI","Metropolitan"
"22580","Forest City, NC","Micropolitan"
"22620","Forrest City, AR","Micropolitan"
"22660","Fort Collins, CO","Metropolitan"
"22700","Fort Dodge, IA","Micropolitan"
"22780","Fort Leonard Wood, MO","Micropolitan"
"22800","Fort Madison-Keokuk, IA-IL-MO","Micropolitan"
"22820","Fort Morgan, CO","Micropolitan"
"22860","Fort Polk South, LA","Micropolitan"
"22900","Fort Smith, AR-OK","Metropolitan"
"23060","Fort Wayne, IN","Metropolitan"
"23140","Frankfort, IN","Micropolitan"
"23180","Frankfort, KY","Micropolitan"
"23240","Fredericksburg, TX","Micropolitan"
"23300","Freeport, IL","Micropolitan"
"23340","Fremont, NE","Micropolitan"
"23380","Fremont, OH","Micropolitan"
"23420","Fresno, CA","Metropolitan"
"23460","Gadsden, AL","Metropolitan"
"23500","Gaffney, SC","Micropolitan"
"23540","Gainesville, FL","Metropolitan"
"23580","Gainesville, GA","Metropolitan"
"23620","Gainesville, TX","Micropolitan"
"23660","Galesburg, IL","Micropolitan"
"23700","Gallup, NM","Micropolitan"
"23780","Garden City, KS","Micropolitan"
"23820","Gardnerville Ranchos, NV","Micropolitan"
"23860","Georgetown, SC","Micropolitan"
"23900","Gettysburg, PA","Metropolitan"
"23940","Gillette, WY","Micropolitan"
"23980","Glasgow, KY","Micropolitan"
"24020","Glens Falls, NY","Metropolitan"
"24060","Glenwood Springs, CO","Micropolitan"
"24100","Gloversville, NY","Micropolitan"
"24140","Goldsboro, NC","Metropolitan"
"24220","Grand Forks, ND-MN","Metropolitan"
"24260","Grand Island, NE","Metropolitan"
"24300","Grand Junction, CO","Metropolitan"
"24340","Grand Rapids-Wyoming, MI","Metropolitan"
"24420","Grants Pass, OR","Metropolitan"
"24380","Grants, NM","Micropolitan"
"24460","Great Bend, KS","Micropolitan"
"24500","Great Falls, MT","Metropolitan"
"24540","Greeley, CO","Metropolitan"
"24580","Green Bay, WI","Metropolitan"
"24620","Greeneville, TN","Micropolitan"
"24640","Greenfield Town, MA","Micropolitan"
"24660","Greensboro-High Point, NC","Metropolitan"
"24700","Greensburg, IN","Micropolitan"
"24740","Greenville, MS","Micropolitan"
"24780","Greenville, NC","Metropolitan"
"24820","Greenville, OH","Micropolitan"
"24860","Greenville-Anderson-Mauldin, SC","Metropolitan"
"24900","Greenwood, MS","Micropolitan"
"24940","Greenwood, SC","Micropolitan"
"24980","Grenada, MS","Micropolitan"
"25020","Guayama, PR","Metropolitan"
"25060","Gulfport-Biloxi-Pascagoula, MS","Metropolitan"
"25100","Guymon, OK","Micropolitan"
"25180","Hagerstown-Martinsburg, MD-WV","Metropolitan"
"25200","Hailey, ID","Micropolitan"
"25220","Hammond, LA","Metropolitan"
"25260","Hanford-Corcoran, CA","Metropolitan"
"25300","Hannibal, MO","Micropolitan"
"25420","Harrisburg-Carlisle, PA","Metropolitan"
"25460","Harrison, AR","Micropolitan"
"25500","Harrisonburg, VA","Metropolitan"
"25540","Hartford-West Hartford-East Hartford, CT","Metropolitan"
"25580","Hastings, NE","Micropolitan"
"25620","Hattiesburg, MS","Metropolitan"
"25700","Hays, KS","Micropolitan"
"25720","Heber, UT","Micropolitan"
"25740","Helena, MT","Micropolitan"
"25760","Helena-West Helena, AR","Micropolitan"
"25780","Henderson, NC","Micropolitan"
"25820","Hereford, TX","Micropolitan"
"25840","Hermiston-Pendleton, OR","Micropolitan"
"25860","Hickory-Lenoir-Morganton, NC","Metropolitan"
"25880","Hillsdale, MI","Micropolitan"
"25900","Hilo, HI","Micropolitan"
"25940","Hilton Head Island-Bluffton-Beaufort, SC","Metropolitan"
"25980","Hinesville, GA","Metropolitan"
"26020","Hobbs, NM","Micropolitan"
"26090","Holland, MI","Micropolitan"
"26140","Homosassa Springs, FL","Metropolitan"
"26220","Hood River, OR","Micropolitan"
"26300","Hot Springs, AR","Metropolitan"
"26340","Houghton, MI","Micropolitan"
"26380","Houma-Thibodaux, LA","Metropolitan"
"26420","Houston-The Woodlands-Sugar Land, TX","Metropolitan"
"26460","Hudson, NY","Micropolitan"
"26500","Huntingdon, PA","Micropolitan"
"26540","Huntington, IN","Micropolitan"
"26580","Huntington-Ashland, WV-KY-OH","Metropolitan"
"26620","Huntsville, AL","Metropolitan"
"26660","Huntsville, TX","Micropolitan"
"26700","Huron, SD","Micropolitan"
"26740","Hutchinson, KS","Micropolitan"
"26780","Hutchinson, MN","Micropolitan"
"26820","Idaho Falls, ID","Metropolitan"
"26860","Indiana, PA","Micropolitan"
"26900","Indianapolis-Carmel-Anderson, IN","Metropolitan"
"26940","Indianola, MS","Micropolitan"
"26960","Ionia, MI","Micropolitan"
"26980","Iowa City, IA","Metropolitan"
"27020","Iron Mountain, MI-WI","Micropolitan"
"27060","Ithaca, NY","Metropolitan"
"27100","Jackson, MI","Metropolitan"
"27140","Jackson, MS","Metropolitan"
"27160","Jackson, OH","Micropolitan"
"27180","Jackson, TN","Metropolitan"
"27220","Jackson, WY-ID","Micropolitan"
"27260","Jacksonville, FL","Metropolitan"
"27300","Jacksonville, IL","Micropolitan"
"27340","Jacksonville, NC","Metropolitan"
"27380","Jacksonville, TX","Micropolitan"
"27420","Jamestown, ND","Micropolitan"
"27460","Jamestown-Dunkirk-Fredonia, NY","Micropolitan"
"27500","Janesville-Beloit, WI","Metropolitan"
"27540","Jasper, IN","Micropolitan"
"27580","Jayuya, PR","Micropolitan"
"27620","Jefferson City, MO","Metropolitan"
"27600","Jefferson, GA","Micropolitan"
"27700","Jesup, GA","Micropolitan"
"27740","Johnson City, TN","Metropolitan"
"27780","Johnstown, PA","Metropolitan"
"27860","Jonesboro, AR","Metropolitan"
"27900","Joplin, MO","Metropolitan"
"27920","Junction City, KS","Micropolitan"
"27940","Juneau, AK","Micropolitan"
"27980","Kahului-Wailuku-Lahaina, HI","Metropolitan"
"28020","Kalamazoo-Portage, MI","Metropolitan"
"28060","Kalispell, MT","Micropolitan"
"28100","Kankakee, IL","Metropolitan"
"28140","Kansas City, MO-KS","Metropolitan"
"28180","Kapaa, HI","Micropolitan"
"28260","Kearney, NE","Micropolitan"
"28300","Keene, NH","Micropolitan"
"28340","Kendallville, IN","Micropolitan"
"28380","Kennett, MO","Micropolitan"
"28420","Kennewick-Richland, WA","Metropolitan"
"28500","Kerrville, TX","Micropolitan"
"28540","Ketchikan, AK","Micropolitan"
"28580","Key West, FL","Micropolitan"
"28620","Kill Devil Hills, NC","Micropolitan"
"28660","Killeen-Temple, TX","Metropolitan"
"28700","Kingsport-Bristol-Bristol, TN-VA","Metropolitan"
"28740","Kingston, NY","Metropolitan"
"28780","Kingsville, TX","Micropolitan"
"28820","Kinston, NC","Micropolitan"
"28860","Kirksville, MO","Micropolitan"
"28900","Klamath Falls, OR","Micropolitan"
"28940","Knoxville, TN","Metropolitan"
"29020","Kokomo, IN","Metropolitan"
"29100","La Crosse-Onalaska, WI-MN","Metropolitan"
"29260","La Grande, OR","Micropolitan"
"29300","LaGrange, GA","Micropolitan"
"29060","Laconia, NH","Micropolitan"
"29180","Lafayette, LA","Metropolitan"
"29200","Lafayette-West Lafayette, IN","Metropolitan"
"29340","Lake Charles, LA","Metropolitan"
"29380","Lake City, FL","Micropolitan"
"29420","Lake Havasu City-Kingman, AZ","Metropolitan"
"29460","Lakeland-Winter Haven, FL","Metropolitan"
"29500","Lamesa, TX","Micropolitan"
"29540","Lancaster, PA","Metropolitan"
"29620","Lansing-East Lansing, MI","Metropolitan"
"29660","Laramie, WY","Micropolitan"
"29700","Laredo, TX","Metropolitan"
"29740","Las Cruces, NM","Metropolitan"
"29780","Las Vegas, NM","Micropolitan"
"29820","Las Vegas-Henderson-Paradise, NV","Metropolitan"
"29860","Laurel, MS","Micropolitan"
"29900","Laurinburg, NC","Micropolitan"
"29940","Lawrence, KS","Metropolitan"
"29980","Lawrenceburg, TN","Micropolitan"
"30020","Lawton, OK","Metropolitan"
"30060","Lebanon, MO","Micropolitan"
"30140","Lebanon, PA","Metropolitan"
"30220","Levelland, TX","Micropolitan"
"30260","Lewisburg, PA","Micropolitan"
"30280","Lewisburg, TN","Micropolitan"
"30300","Lewiston, ID-WA","Metropolitan"
"30340","Lewiston-Auburn, ME","Metropolitan"
"30380","Lewistown, PA","Micropolitan"
"30420","Lexington, NE","Micropolitan"
"30460","Lexington-Fayette, KY","Metropolitan"
"30580","Liberal, KS","Micropolitan"
"30620","Lima, OH","Metropolitan"
"30660","Lincoln, IL","Micropolitan"
"30700","Lincoln, NE","Metropolitan"
"30780","Little Rock-North Little Rock-Conway, AR","Metropolitan"
"30820","Lock Haven, PA","Micropolitan"
"30860","Logan, UT-ID","Metropolitan"
"30880","Logan, WV","Micropolitan"
"30900","Logansport, IN","Micropolitan"
"30940","London, KY","Micropolitan"
"30980","Longview, TX","Metropolitan"
"31020","Longview, WA","Metropolitan"
"31060","Los Alamos, NM","Micropolitan"
"31080","Los Angeles-Long Beach-Anaheim, CA","Metropolitan"
"31140","Louisville/Jefferson County, KY-IN","Metropolitan"
"31180","Lubbock, TX","Metropolitan"
"31220","Ludington, MI","Micropolitan"
"31260","Lufkin, TX","Micropolitan"
"31300","Lumberton, NC","Micropolitan"
"31340","Lynchburg, VA","Metropolitan"
"31380","Macomb, IL","Micropolitan"
"31420","Macon, GA","Metropolitan"
"31460","Madera, CA","Metropolitan"
"31500","Madison, IN","Micropolitan"
"31540","Madison, WI","Metropolitan"
"31580","Madisonville, KY","Micropolitan"
"31620","Magnolia, AR","Micropolitan"
"31660","Malone, NY","Micropolitan"
"31680","Malvern, AR","Micropolitan"
"31700","Manchester-Nashua, NH","Metropolitan"
"31740","Manhattan, KS","Metropolitan"
"31820","Manitowoc, WI","Micropolitan"
"31860","Mankato-North Mankato, MN","Metropolitan"
"31900","Mansfield, OH","Metropolitan"
"31930","Marietta, OH","Micropolitan"
"31940","Marinette, WI-MI","Micropolitan"
"31980","Marion, IN","Micropolitan"
"32000","Marion, NC","Micropolitan"
"32020","Marion, OH","Micropolitan"
"32100","Marquette, MI","Micropolitan"
"32140","Marshall, MN","Micropolitan"
"32180","Marshall, MO","Micropolitan"
"32220","Marshall, TX","Micropolitan"
"32260","Marshalltown, IA","Micropolitan"
"32280","Martin, TN","Micropolitan"
"32300","Martinsville, VA","Micropolitan"
"32340","Maryville, MO","Micropolitan"
"32380","Mason City, IA","Micropolitan"
"32420","Mayaguez, PR","Metropolitan"
"32460","Mayfield, KY","Micropolitan"
"32500","Maysville, KY","Micropolitan"
"32540","McAlester, OK","Micropolitan"
"32580","McAllen-Edinburg-Mission, TX","Metropolitan"
"32620","McComb, MS","Micropolitan"
"32660","McMinnville, TN","Micropolitan"
"32700","McPherson, KS","Micropolitan"
"32740","Meadville, PA","Micropolitan"
"32780","Medford, OR","Metropolitan"
"32820","Memphis, TN-MS-AR","Metropolitan"
"32860","Menomonie, WI","Micropolitan"
"32900","Merced, CA","Metropolitan"
"32940","Meridian, MS","Micropolitan"
"32980","Merrill, WI","Micropolitan"
"33020","Mexico, MO","Micropolitan"
"33060","Miami, OK","Micropolitan"
"33100","Miami-Fort Lauderdale-West Palm Beach, FL","Metropolitan"
"33140","Michigan City-La Porte, IN","Metropolitan"
"33180","Middlesborough, KY","Micropolitan"
"33220","Midland, MI","Metropolitan"
"33260","Midland, TX","Metropolitan"
"33300","Milledgeville, GA","Micropolitan"
"33340","Milwaukee-Waukesha-West Allis, WI","Metropolitan"
"33420","Mineral Wells, TX","Micropolitan"
"33460","Minneapolis-St. Paul-Bloomington, MN-WI","Metropolitan"
"33500","Minot, ND","Micropolitan"
"33540","Missoula, MT","Metropolitan"
"33580","Mitchell, SD","Micropolitan"
"33620","Moberly, MO","Micropolitan"
"33660","Mobile, AL","Metropolitan"
"33700","Modesto, CA","Metropolitan"
"33740","Monroe, LA","Metropolitan"
"33780","Monroe, MI","Metropolitan"
"33860","Montgomery, AL","Metropolitan"
"33940","Montrose, CO","Micropolitan"
"33980","Morehead City, NC","Micropolitan"
"34020","Morgan City, LA","Micropolitan"
"34060","Morgantown, WV","Metropolitan"
"34100","Morristown, TN","Metropolitan"
"34140","Moscow, ID","Micropolitan"
"34180","Moses Lake, WA","Micropolitan"
"34220","Moultrie, GA","Micropolitan"
"34340","Mount Airy, NC","Micropolitan"
"34380","Mount Pleasant, MI","Micropolitan"
"34420","Mount Pleasant, TX","Micropolitan"
"34460","Mount Sterling, KY","Micropolitan"
"34500","Mount Vernon, IL","Micropolitan"
"34540","Mount Vernon, OH","Micropolitan"
"34580","Mount Vernon-Anacortes, WA","Metropolitan"
"34260","Mountain Home, AR","Micropolitan"
"34300","Mountain Home, ID","Micropolitan"
"34620","Muncie, IN","Metropolitan"
"34660","Murray, KY","Micropolitan"
"34700","Muscatine, IA","Micropolitan"
"34740","Muskegon, MI","Metropolitan"
"34780","Muskogee, OK","Micropolitan"
"34820","Myrtle Beach-Conway-North Myrtle Beach, SC-NC","Metropolitan"
"34860","Nacogdoches, TX","Micropolitan"
"34900","Napa, CA","Metropolitan"
"34940","Naples-Immokalee-Marco Island, FL","Metropolitan"
"34980","Nashville-Davidson--Murfreesboro--Franklin, TN","Metropolitan"
"35020","Natchez, MS-LA","Micropolitan"
"35060","Natchitoches, LA","Micropolitan"
"35100","New Bern, NC","Metropolitan"
"35220","New Castle, IN","Micropolitan"
"35260","New Castle, PA","Micropolitan"
"35300","New Haven-Milford, CT","Metropolitan"
"35380","New Orleans-Metairie, LA","Metropolitan"
"35420","New Philadelphia-Dover, OH","Micropolitan"
"35580","New Ulm, MN","Micropolitan"
"35620","New York-Newark-Jersey City, NY-NJ-PA","Metropolitan"
"35140","Newberry, SC","Micropolitan"
"35440","Newport, OR","Micropolitan"
"35460","Newport, TN","Micropolitan"
"35500","Newton, IA","Micropolitan"
"35660","Niles-Benton Harbor, MI","Metropolitan"
"35700","Nogales, AZ","Micropolitan"
"35740","Norfolk, NE","Micropolitan"
"35820","North Platte, NE","Micropolitan"
"35840","North Port-Sarasota-Bradenton, FL","Metropolitan"
"35860","North Vernon, IN","Micropolitan"
"35900","North Wilkesboro, NC","Micropolitan"
"35940","Norwalk, OH","Micropolitan"
"35980","Norwich-New London, CT","Metropolitan"
"36020","Oak Harbor, WA","Micropolitan"
"36100","Ocala, FL","Metropolitan"
"36140","Ocean City, NJ","Metropolitan"
"36220","Odessa, TX","Metropolitan"
"36260","Ogden-Clearfield, UT","Metropolitan"
"36300","Ogdensburg-Massena, NY","Micropolitan"
"36340","Oil City, PA","Micropolitan"
"36380","Okeechobee, FL","Micropolitan"
"36420","Oklahoma City, OK","Metropolitan"
"36460","Olean, NY","Micropolitan"
"36500","Olympia-Tumwater, WA","Metropolitan"
"36540","Omaha-Council Bluffs, NE-IA","Metropolitan"
"36580","Oneonta, NY","Micropolitan"
"36620","Ontario, OR-ID","Micropolitan"
"36660","Opelousas, LA","Micropolitan"
"36700","Orangeburg, SC","Micropolitan"
"36740","Orlando-Kissimmee-Sanford, FL","Metropolitan"
"36780","Oshkosh-Neenah, WI","Metropolitan"
"36820","Oskaloosa, IA","Micropolitan"
"36830","Othello, WA","Micropolitan"
"36840","Ottawa, KS","Micropolitan"
"36860","Ottawa-Peru, IL","Micropolitan"
"36900","Ottumwa, IA","Micropolitan"
"36940","Owatonna, MN","Micropolitan"
"36980","Owensboro, KY","Metropolitan"
"37020","Owosso, MI","Micropolitan"
"37060","Oxford, MS","Micropolitan"
"37080","Oxford, NC","Micropolitan"
"37100","Oxnard-Thousand Oaks-Ventura, CA","Metropolitan"
"37120","Ozark, AL","Micropolitan"
"37140","Paducah, KY-IL","Micropolitan"
"37220","Pahrump, NV","Micropolitan"
"37260","Palatka, FL","Micropolitan"
"37300","Palestine, TX","Micropolitan"
"37340","Palm Bay-Melbourne-Titusville, FL","Metropolitan"
"37420","Pampa, TX","Micropolitan"
"37460","Panama City, FL","Metropolitan"
"37500","Paragould, AR","Micropolitan"
"37540","Paris, TN","Micropolitan"
"37580","Paris, TX","Micropolitan"
"37620","Parkersburg-Vienna, WV","Metropolitan"
"37660","Parsons, KS","Micropolitan"
"37740","Payson, AZ","Micropolitan"
"37780","Pecos, TX","Micropolitan"
"37860","Pensacola-Ferry Pass-Brent, FL","Metropolitan"
"37900","Peoria, IL","Metropolitan"
"37940","Peru, IN","Micropolitan"
"37980","Philadelphia-Camden-Wilmington, PA-NJ-DE-MD","Metropolitan"
"38060","Phoenix-Mesa-Scottsdale, AZ","Metropolitan"
"38100","Picayune, MS","Micropolitan"
"38180","Pierre, SD","Micropolitan"
"38220","Pine Bluff, AR","Metropolitan"
"38240","Pinehurst-Southern Pines, NC","Micropolitan"
"38260","Pittsburg, KS","Micropolitan"
"38300","Pittsburgh, PA","Metropolitan"
"38340","Pittsfield, MA","Metropolitan"
"38380","Plainview, TX","Micropolitan"
"38420","Platteville, WI","Micropolitan"
"38460","Plattsburgh, NY","Micropolitan"
"38500","Plymouth, IN","Micropolitan"
"38540","Pocatello, ID","Metropolitan"
"38580","Point Pleasant, WV-OH","Micropolitan"
"38620","Ponca City, OK","Micropolitan"
"38660","Ponce, PR","Metropolitan"
"38700","Pontiac, IL","Micropolitan"
"38740","Poplar Bluff, MO","Micropolitan"
"38820","Port Angeles, WA","Micropolitan"
"38840","Port Clinton, OH","Micropolitan"
"38920","Port Lavaca, TX","Micropolitan"
"38940","Port St. Lucie, FL","Metropolitan"
"38780","Portales, NM","Micropolitan"
"38860","Portland-South Portland, ME","Metropolitan"
"38900","Portland-Vancouver-Hillsboro, OR-WA","Metropolitan"
"39020","Portsmouth, OH","Micropolitan"
"39060","Pottsville, PA","Micropolitan"
"39140","Prescott, AZ","Metropolitan"
"39220","Price, UT","Micropolitan"
"39260","Prineville, OR","Micropolitan"
"39300","Providence-Warwick, RI-MA","Metropolitan"
"39340","Provo-Orem, UT","Metropolitan"
"39380","Pueblo, CO","Metropolitan"
"39420","Pullman, WA","Micropolitan"
"39460","Punta Gorda, FL","Metropolitan"
"39500","Quincy, IL-MO","Micropolitan"
"39540","Racine, WI","Metropolitan"
"39580","Raleigh, NC","Metropolitan"
"39660","Rapid City, SD","Metropolitan"
"39700","Raymondville, TX","Micropolitan"
"39740","Reading, PA","Metropolitan"
"39780","Red Bluff, CA","Micropolitan"
"39860","Red Wing, MN","Micropolitan"
"39820","Redding, CA","Metropolitan"
"39900","Reno, NV","Metropolitan"
"39940","Rexburg, ID","Micropolitan"
"39980","Richmond, IN","Micropolitan"
"40060","Richmond, VA","Metropolitan"
"40080","Richmond-Berea, KY","Micropolitan"
"40100","Rio Grande City, TX","Micropolitan"
"40140","Riverside-San Bernardino-Ontario, CA","Metropolitan"
"40180","Riverton, WY","Micropolitan"
"40260","Roanoke Rapids, NC","Micropolitan"
"40220","Roanoke, VA","Metropolitan"
"40300","Rochelle, IL","Micropolitan"
"40340","Rochester, MN","Metropolitan"
"40380","Rochester, NY","Metropolitan"
"40540","Rock Springs, WY","Micropolitan"
"40420","Rockford, IL","Metropolitan"
"40460","Rockingham, NC","Micropolitan"
"40580","Rocky Mount, NC","Metropolitan"
"40620","Rolla, MO","Micropolitan"
"40660","Rome, GA","Metropolitan"
"40700","Roseburg, OR","Micropolitan"
"40740","Roswell, NM","Micropolitan"
"40780","Russellville, AR","Micropolitan"
"40820","Ruston, LA","Micropolitan"
"40860","Rutland, VT","Micropolitan"
"40900","Sacramento--Roseville--Arden-Arcade, CA","Metropolitan"
"40940","Safford, AZ","Micropolitan"
"40980","Saginaw, MI","Metropolitan"
"41400","Salem, OH","Micropolitan"
"41420","Salem, OR","Metropolitan"
"41460","Salina, KS","Micropolitan"
"41500","Salinas, CA","Metropolitan"
"41540","Salisbury, MD-DE","Metropolitan"
"41620","Salt Lake City, UT","Metropolitan"
"41660","San Angelo, TX","Metropolitan"
"41700","San Antonio-New Braunfels, TX","Metropolitan"
"41740","San Diego-Carlsbad, CA","Metropolitan"
"41860","San Francisco-Oakland-Hayward, CA","Metropolitan"
"41900","San Germ n, PR","Metropolitan"
"41940","San Jose-Sunnyvale-Santa Clara, CA","Metropolitan"
"41980","San Juan-Carolina-Caguas, PR","Metropolitan"
"42020","San Luis Obispo-Paso Robles-Arroyo Grande, CA","Metropolitan"
"41760","Sandpoint, ID","Micropolitan"
"41780","Sandusky, OH","Micropolitan"
"41820","Sanford, NC","Micropolitan"
"42100","Santa Cruz-Watsonville, CA","Metropolitan"
"42140","Santa Fe, NM","Metropolitan"
"42180","Santa Isabel, PR","Micropolitan"
"42200","Santa Maria-Santa Barbara, CA","Metropolitan"
"42220","Santa Rosa, CA","Metropolitan"
"42300","Sault Ste. Marie, MI","Micropolitan"
"42340","Savannah, GA","Metropolitan"
"42380","Sayre, PA","Micropolitan"
"42420","Scottsbluff, NE","Micropolitan"
"42460","Scottsboro, AL","Micropolitan"
"42540","Scranton--Wilkes-Barre--Hazleton, PA","Metropolitan"
"42620","Searcy, AR","Micropolitan"
"42660","Seattle-Tacoma-Bellevue, WA","Metropolitan"
"42680","Sebastian-Vero Beach, FL","Metropolitan"
"42700","Sebring, FL","Metropolitan"
"42740","Sedalia, MO","Micropolitan"
"42780","Selinsgrove, PA","Micropolitan"
"42820","Selma, AL","Micropolitan"
"42900","Seneca Falls, NY","Micropolitan"
"42860","Seneca, SC","Micropolitan"
"42940","Sevierville, TN","Micropolitan"
"42980","Seymour, IN","Micropolitan"
"43020","Shawano, WI","Micropolitan"
"43060","Shawnee, OK","Micropolitan"
"43100","Sheboygan, WI","Metropolitan"
"43140","Shelby, NC","Micropolitan"
"43180","Shelbyville, TN","Micropolitan"
"43220","Shelton, WA","Micropolitan"
"43260","Sheridan, WY","Micropolitan"
"43300","Sherman-Denison, TX","Metropolitan"
"43320","Show Low, AZ","Micropolitan"
"43340","Shreveport-Bossier City, LA","Metropolitan"
"43380","Sidney, OH","Micropolitan"
"43420","Sierra Vista-Douglas, AZ","Metropolitan"
"43460","Sikeston, MO","Micropolitan"
"43500","Silver City, NM","Micropolitan"
"43580","Sioux City, IA-NE-SD","Metropolitan"
"43620","Sioux Falls, SD","Metropolitan"
"43660","Snyder, TX","Micropolitan"
"43700","Somerset, KY","Micropolitan"
"43740","Somerset, PA","Micropolitan"
"43760","Sonora, CA","Micropolitan"
"43780","South Bend-Mishawaka, IN-MI","Metropolitan"
"43900","Spartanburg, SC","Metropolitan"
"43940","Spearfish, SD","Micropolitan"
"43980","Spencer, IA","Micropolitan"
"44020","Spirit Lake, IA","Micropolitan"
"44060","Spokane-Spokane Valley, WA","Metropolitan"
"44100","Springfield, IL","Metropolitan"
"44140","Springfield, MA","Metropolitan"
"44180","Springfield, MO","Metropolitan"
"44220","Springfield, OH","Metropolitan"
"41060","St. Cloud, MN","Metropolitan"
"41100","St. George, UT","Metropolitan"
"41140","St. Joseph, MO-KS","Metropolitan"
"41180","St. Louis, MO-IL","Metropolitan"
"41220","St. Marys, GA","Micropolitan"
"44260","Starkville, MS","Micropolitan"
"44300","State College, PA","Metropolitan"
"44340","Statesboro, GA","Micropolitan"
"44420","Staunton-Waynesboro, VA","Metropolitan"
"44460","Steamboat Springs, CO","Micropolitan"
"44500","Stephenville, TX","Micropolitan"
"44540","Sterling, CO","Micropolitan"
"44580","Sterling, IL","Micropolitan"
"44620","Stevens Point, WI","Micropolitan"
"44660","Stillwater, OK","Micropolitan"
"44700","Stockton-Lodi, CA","Metropolitan"
"44740","Storm Lake, IA","Micropolitan"
"44780","Sturgis, MI","Micropolitan"
"44860","Sulphur Springs, TX","Micropolitan"
"44900","Summerville, GA","Micropolitan"
"44920","Summit Park, UT","Micropolitan"
"44940","Sumter, SC","Metropolitan"
"44980","Sunbury, PA","Micropolitan"
"45000","Susanville, CA","Micropolitan"
"45020","Sweetwater, TX","Micropolitan"
"45060","Syracuse, NY","Metropolitan"
"45140","Tahlequah, OK","Micropolitan"
"45180","Talladega-Sylacauga, AL","Micropolitan"
"45220","Tallahassee, FL","Metropolitan"
"45300","Tampa-St. Petersburg-Clearwater, FL","Metropolitan"
"45340","Taos, NM","Micropolitan"
"45380","Taylorville, IL","Micropolitan"
"45460","Terre Haute, IN","Metropolitan"
"45500","Texarkana, TX-AR","Metropolitan"
"45520","The Dalles, OR","Micropolitan"
"45540","The Villages, FL","Metropolitan"
"45580","Thomaston, GA","Micropolitan"
"45620","Thomasville, GA","Micropolitan"
"45660","Tiffin, OH","Micropolitan"
"45700","Tifton, GA","Micropolitan"
"45740","Toccoa, GA","Micropolitan"
"45780","Toledo, OH","Metropolitan"
"45820","Topeka, KS","Metropolitan"
"45860","Torrington, CT","Micropolitan"
"45900","Traverse City, MI","Micropolitan"
"45940","Trenton, NJ","Metropolitan"
"45980","Troy, AL","Micropolitan"
"46020","Truckee-Grass Valley, CA","Micropolitan"
"46060","Tucson, AZ","Metropolitan"
"46100","Tullahoma-Manchester, TN","Micropolitan"
"46140","Tulsa, OK","Metropolitan"
"46180","Tupelo, MS","Micropolitan"
"46220","Tuscaloosa, AL","Metropolitan"
"46300","Twin Falls, ID","Micropolitan"
"46340","Tyler, TX","Metropolitan"
"46380","Ukiah, CA","Micropolitan"
"46460","Union City, TN-KY","Micropolitan"
"46520","Urban Honolulu, HI","Metropolitan"
"46500","Urbana, OH","Micropolitan"
"46540","Utica-Rome, NY","Metropolitan"
"46620","Uvalde, TX","Micropolitan"
"46660","Valdosta, GA","Metropolitan"
"46700","Vallejo-Fairfield, CA","Metropolitan"
"46740","Valley, AL","Micropolitan"
"46780","Van Wert, OH","Micropolitan"
"46820","Vermillion, SD","Micropolitan"
"46860","Vernal, UT","Micropolitan"
"46900","Vernon, TX","Micropolitan"
"46980","Vicksburg, MS","Micropolitan"
"47020","Victoria, TX","Metropolitan"
"47080","Vidalia, GA","Micropolitan"
"47180","Vincennes, IN","Micropolitan"
"47220","Vineland-Bridgeton, NJ","Metropolitan"
"47240","Vineyard Haven, MA","Micropolitan"
"47260","Virginia Beach-Norfolk-Newport News, VA-NC","Metropolitan"
"47300","Visalia-Porterville, CA","Metropolitan"
"47340","Wabash, IN","Micropolitan"
"47380","Waco, TX","Metropolitan"
"47420","Wahpeton, ND-MN","Micropolitan"
"47460","Walla Walla, WA","Metropolitan"
"47540","Wapakoneta, OH","Micropolitan"
"47580","Warner Robins, GA","Metropolitan"
"47620","Warren, PA","Micropolitan"
"47660","Warrensburg, MO","Micropolitan"
"47700","Warsaw, IN","Micropolitan"
"47920","Washington Court House, OH","Micropolitan"
"47780","Washington, IN","Micropolitan"
"47820","Washington, NC","Micropolitan"
"47900","Washington-Arlington-Alexandria, DC-VA-MD-WV","Metropolitan"
"47940","Waterloo-Cedar Falls, IA","Metropolitan"
"47980","Watertown, SD","Micropolitan"
"48020","Watertown-Fort Atkinson, WI","Micropolitan"
"48060","Watertown-Fort Drum, NY","Metropolitan"
"48100","Wauchula, FL","Micropolitan"
"48140","Wausau, WI","Metropolitan"
"48180","Waycross, GA","Micropolitan"
"48220","Weatherford, OK","Micropolitan"
"48260","Weirton-Steubenville, WV-OH","Metropolitan"
"48300","Wenatchee, WA","Metropolitan"
"48460","West Plains, MO","Micropolitan"
"48540","Wheeling, WV-OH","Metropolitan"
"48580","Whitewater-Elkhorn, WI","Micropolitan"
"48660","Wichita Falls, TX","Metropolitan"
"48620","Wichita, KS","Metropolitan"
"48700","Williamsport, PA","Metropolitan"
"48780","Williston, ND","Micropolitan"
"48820","Willmar, MN","Micropolitan"
"48900","Wilmington, NC","Metropolitan"
"48940","Wilmington, OH","Micropolitan"
"48980","Wilson, NC","Micropolitan"
"49020","Winchester, VA-WV","Metropolitan"
"49080","Winnemucca, NV","Micropolitan"
"49100","Winona, MN","Micropolitan"
"49180","Winston-Salem, NC","Metropolitan"
"49220","Wisconsin Rapids-Marshfield, WI","Micropolitan"
"49260","Woodward, OK","Micropolitan"
"49300","Wooster, OH","Micropolitan"
"49340","Worcester, MA-CT","Metropolitan"
"49380","Worthington, MN","Micropolitan"
"49420","Yakima, WA","Metropolitan"
"49460","Yankton, SD","Micropolitan"
"49620","York-Hanover, PA","Metropolitan"
"49660","Youngstown-Warren-Boardman, OH-PA","Metropolitan"
"49700","Yuba City, CA","Metropolitan"
"49740","Yuma, AZ","Metropolitan"
"49780","Zanesville, OH","Micropolitan"
"49820","Zapata, TX","Micropolitan"
